source,interface,time_star,position_mm
Fig. 3,downstream,1.8012936624466311,55.2
Fig. 3,jet,2.400270437829336,27.0
Fig. 3,downstream,2.400270437829336,59.8
Fig. 3,jet,3.0,35.5
Fig. 3,downstream,3.0,63.8
Fig. 3,jet,3.6012103002967195,44.9
Fig. 3,downstream,3.6012103002967195,69.7
Fig. 3,jet,4.200338989743073,52.3
Fig. 3,downstream,4.200338989743073,74.6
Fig. 12b,jet,3.0,36.4
Fig. 12b,downstream,3.0,63.0
